URL,Status,Response Code,Protocol,Method,Content-Type,Client Address,Remote Address,Exception,Request Start Time,Request End Time,Response Start Time,Response End Time,Duration (ms),Request Duration (ms),Response Duration (ms),Latency (ms),Speed (KB/s),Response Speed (KB/s),Request Header Size (bytes),Request Body Size (bytes),Response Header Size (bytes),Response Body Size (bytes),Request Compression,Response Compression
http://techcrunch.com/,Complete,200,http,GET,text/html; charset=UTF-8,,,,13 Nov 2014 13:42:37,13 Nov 2014 13:42:37,13 Nov 2014 13:42:38,13 Nov 2014 13:42:38,583,0,198,206,49.030807,142.4992,379,,546,28346,,83.4%
http://r-login.wordpress.com/remote-login.php?action=js&host=techcrunch.com&id=24588526&t=1415882394&back=http%253A%252F%252Ftechcrunch.com%252F,Complete,200,http,GET,text/javascript,,,,13 Nov 2014 13:42:38,13 Nov 2014 13:42:38,13 Nov 2014 13:42:38,13 Nov 2014 13:42:38,167,0,0,85,3.5904753,Infinity,455,,159,0,,
http://s0.wp.com/_static/?%3F-eJx9kOFuwjAMhF9owXTQ8QvxLGlqEoMTR41LtbdfCtooQuu%2FO%2Bs%2B%2B2SYsnGSFJNCHE3m0VMqwHTFAhfUbN3V3N3GlfIBi3jH4p%2BAeI%2B9jGrOwiwTTNR71DdoccPJgHUes9U5EbEni4yxxtawmL9%2BqVmGWvC9m4a6p8CNMii64IYxuWA%2Bt80Oin4zbiKlB0SQRKly5U%2BsXfcohsVZJUkvxpzZ0rCGDjh%2FrEoPNbWw%2F7UPe%2FAsneU5cIrHZt%2B0h9320LaXH8RIorU=,Complete,200,http,GET,text/css;charset=utf-8,,,,13 Nov 2014 13:42:38,13 Nov 2014 13:42:38,13 Nov 2014 13:42:38,13 Nov 2014 13:42:38,265,0,183,43,549.25934,792.01355,630,,322,148095,,60.1%
http://s0.wp.com/wp-content/themes/vip/techcrunch-2013/assets/images/logo.svg,Complete,200,http,GET,image/svg+xml,,,,13 Nov 2014 13:42:38,13 Nov 2014 13:42:38,13 Nov 2014 13:42:38,13 Nov 2014 13:42:38,304,0,1,39,3.7809675,746.0937,413,,342,422,,53.7%
http://s1.wp.com/_static/?%3F-eJyNkF1OxDAMhC%2BENy2LhHhAnKVN3dQhiUPsbLScnoBY8VdpebLl%2BTwj27QMlpNiUuPFRJ4pIFTBMrk%2BA0orH7zcmM5RsqEuKO%2Bgf6lYzp%2FlKgCRXJkUD5HSBf6Wmlk0okiP3FF%2FRlE6EbarmEfNk32GgkKvf1znwA5yqI6SmN47XLgqrBwCN9Nocah7R0lbefZo9behbtgPMCfKRtFuttRkN7gdxqOZRFA%2FtgPN8KXu%2FeJfNo7Zhcsrn%2BLjeDcOx4fxfhj8G6UIq0I=,Complete,200,http,GET,application/x-javascript,,,,13 Nov 2014 13:42:38,13 Nov 2014 13:42:38,13 Nov 2014 13:42:38,13 Nov 2014 13:42:38,189,0,114,39,332.19144,545.43585,619,,323,63349,,67.5%
http://o.aolcdn.com/os_merge/?file=%2Faol%2Fbeacon.min.js&file=%2Faol%2Fomniture.min.js,Complete,200,http,GET,application/javascript,,,,13 Nov 2014 13:42:38,13 Nov 2014 13:42:38,13 Nov 2014 13:42:38,13 Nov 2014 13:42:38,191,0,41,62,140.12904,643.31647,398,,329,26680,,60.7%
http://0.gravatar.com/js/gprofiles.js?ver=201446x,Complete,200,http,GET,application/x-javascript,,,,13 Nov 2014 13:42:38,13 Nov 2014 13:42:38,13 Nov 2014 13:42:38,13 Nov 2014 13:42:38,93,0,3,47,80.89718,2388.0208,368,,345,6991,,67.4%
http://s2.wp.com/wp-content/mu-plugins/gravatar-hovercards/wpgroho.js?m=1380573781g,Complete,200,http,GET,application/x-javascript,,,,13 Nov 2014 13:42:38,13 Nov 2014 13:42:38,13 Nov 2014 13:42:38,13 Nov 2014 13:42:38,93,0,0,50,10.973202,Infinity,402,,321,322,,44.7%
http://s2.wp.com/wp-content/js/devicepx.js?m=1399919068g,Complete,200,http,GET,application/x-javascript,,,,13 Nov 2014 13:42:38,13 Nov 2014 13:42:38,13 Nov 2014 13:42:38,13 Nov 2014 13:42:38,94,0,1,51,37.40027,3149.4138,375,,322,2903,,68.8%
http://platform.twitter.com/widgets.js?ver=20111117,Complete,200,http,GET,application/javascript,,,,13 Nov 2014 13:42:38,13 Nov 2014 13:42:38,13 Nov 2014 13:42:38,13 Nov 2014 13:42:38,329,0,160,129,323.9546,663.8733,370,,362,108407,,
http://s2.wp.com/_static/?%3F-eJyVjUEOgjAQRS9kGQpq3BjPAmVCp9Kx6Uwh3t5gJG4Mibuf%2FLz3YEnGPViRFWIxaSojsYAupIrZ9FPn7j3lwSRCSMgD8VgFOcA%2FHOOM%2BTerHiMKzJRgc6QiviQI26oi8U6yMSsc3g7TcTc9lZzsdBSdd7mw86apbQudCKqshu%2Fzad7i1R7t6dLU7dmGF9D6bvA=,Complete,200,http,GET,application/x-javascript,,,,13 Nov 2014 13:42:38,13 Nov 2014 13:42:38,13 Nov 2014 13:42:38,13 Nov 2014 13:42:38,133,0,39,52,127.650665,421.72476,543,,323,16519,,67.0%
http://stats.wp.com/w.js?24=,Complete,200,http,GET,application/x-javascript,,,,13 Nov 2014 13:42:38,13 Nov 2014 13:42:38,13 Nov 2014 13:42:38,13 Nov 2014 13:42:38,102,0,1,52,20.1057,1712.8905,346,,260,1494,,65.1%
http://tctechcrunch2011.files.wordpress.com/2014/11/youtube-music-key.jpg?w=474&h=350&crop=1,Complete,200,http,GET,image/jpeg,,,,13 Nov 2014 13:42:38,13 Nov 2014 13:42:38,13 Nov 2014 13:42:38,13 Nov 2014 13:42:38,182,0,78,52,222.80649,514.52325,428,,311,40785,,
http://o.aolcdn.com/os_merge/?file=%2Fmoat%2Fprod%2Fmoatuac.js&file=%2Fads%2FadsWrapper.js,Complete,200,http,GET,application/javascript,,,,13 Nov 2014 13:42:38,13 Nov 2014 13:42:38,13 Nov 2014 13:42:38,13 Nov 2014 13:42:38,76,0,27,48,519.03015,1446.5422,399,,326,39668,,57.0%
http://www.google-analytics.com/ga.js,Complete,200,http,GET,text/javascript,,,,13 Nov 2014 13:42:38,13 Nov 2014 13:42:38,13 Nov 2014 13:42:38,13 Nov 2014 13:42:38,237,0,54,51,69.20408,297.29092,356,,376,16063,,60.7%
http://tctechcrunch2011.files.wordpress.com/2014/11/header1.jpg?w=145&h=90&crop=1,Complete,200,http,GET,image/jpeg,,,,13 Nov 2014 13:42:38,13 Nov 2014 13:42:38,13 Nov 2014 13:42:38,13 Nov 2014 13:42:38,114,0,17,47,277.29236,1835.5353,417,,311,31642,,
http://tctechcrunch2011.files.wordpress.com/2014/11/dsc06021.jpg?w=145&h=90&crop=1,Complete,200,http,GET,image/jpeg,,,,13 Nov 2014 13:42:38,13 Nov 2014 13:42:38,13 Nov 2014 13:42:38,13 Nov 2014 13:42:38,224,0,101,59,213.41377,469.2721,418,,311,48223,,
http://tctechcrunch2011.files.wordpress.com/2014/11/twitter-analyst.png?w=145&h=90&crop=1,Complete,200,http,GET,image/png,,,,13 Nov 2014 13:42:38,13 Nov 2014 13:42:38,13 Nov 2014 13:42:38,13 Nov 2014 13:42:38,132,0,5,63,74.973366,1896.2891,425,,309,9400,,
http://s0.wp.com/wp-content/themes/vip/techcrunch-2013/assets/images/210x210.png?m=1391183173g,Complete,200,http,GET,image/png,,,,13 Nov 2014 13:42:38,13 Nov 2014 13:42:38,13 Nov 2014 13:42:38,13 Nov 2014 13:42:38,59,0,1,54,13.936706,402.34372,430,,281,131,,
http://s0.wp.com/wp-content/themes/vip/techcrunch-2013/assets/images/300x169.png?m=1391183173g,Complete,200,http,GET,image/png,,,,13 Nov 2014 13:42:38,13 Nov 2014 13:42:38,13 Nov 2014 13:42:38,13 Nov 2014 13:42:38,62,0,1,57,13.577369,421.87497,430,,281,151,,
http://s0.wp.com/wp-content/themes/vip/techcrunch-2013/assets/images/1x1.png?m=1381219147g,Complete,200,http,GET,image/png,,,,13 Nov 2014 13:42:38,13 Nov 2014 13:42:38,13 Nov 2014 13:42:38,13 Nov 2014 13:42:38,59,0,0,56,12.811175,Infinity,426,,280,68,,
http://s0.wp.com/wp-content/themes/vip/techcrunch-2013/assets/images/logo-crunchbase-flat.png?m=1413237102g,Complete,200,http,GET,image/png,,,,13 Nov 2014 13:42:38,13 Nov 2014 13:42:38,13 Nov 2014 13:42:38,13 Nov 2014 13:42:38,113,0,0,51,23.316511,Infinity,443,,282,1973,,
http://s0.wp.com/wp-content/themes/vip/techcrunch-2013/assets/images/crunch-network.jpg?m=1414775047g,Complete,200,http,GET,image/jpeg,,,,13 Nov 2014 13:42:38,13 Nov 2014 13:42:38,13 Nov 2014 13:42:38,13 Nov 2014 13:42:38,120,0,6,53,39.615887,721.1914,437,,283,4148,,
http://b.scorecardresearch.com/b?rn=99533707&C1=2&C2=1000009&C4=http%253A%252F%252Ftechcrunch.com%252F&C5=us.tchcr&C7=http%253A%252F%252Ftechcrunch.com%252F&C8=TechCrunch%2520-%2520The%2520latest%2520technology%2520news%2520and%2520information%2520on%2520startups,Complete,302,http,GET,,,,,13 Nov 2014 13:42:38,13 Nov 2014 13:42:38,13 Nov 2014 13:42:38,13 Nov 2014 13:42:39,426,0,297,40,,,565,,731,,,
http://techcrunch.com/wp-content/themes/vip/techcrunch-2013/assets/fonts/b38504ed-66a1-4884-999a-07cca7997408-3.woff,Complete,200,http,GET,application/font-woff,,,,13 Nov 2014 13:42:38,13 Nov 2014 13:42:38,13 Nov 2014 13:42:38,13 Nov 2014 13:42:39,372,0,186,184,109.34612,213.90393,912,,328,40413,,
http://techcrunch.com/wp-content/themes/vip/techcrunch-2013/assets/fonts/adb262fa-fc57-47bc-b34e-33dff61a8c3c-3.woff,Complete,200,http,GET,application/font-woff,,,,13 Nov 2014 13:42:38,13 Nov 2014 13:42:38,13 Nov 2014 13:42:39,13 Nov 2014 13:42:39,730,0,357,183,56.138966,112.29922,912,,328,40725,,
http://techcrunch.com/wp-content/themes/vip/techcrunch-2013/assets/fonts/0ade293c-ee37-42ec-990f-13b6e9fb854c-3.woff,Complete,200,http,GET,application/font-woff,,,,13 Nov 2014 13:42:38,13 Nov 2014 13:42:38,13 Nov 2014 13:42:39,13 Nov 2014 13:42:39,580,0,200,190,72.87345,206.87988,912,,328,42041,,
"http://o.sa.aol.com/b/ss/aoltechcrunch,aolsvc/1/H.25.4/s05057834240142?AQB=1&ndh=1&t=13%252F10%252F2014%252013%253A42%253A38%25204%2520-60&fid=3CA962EDBD79F2EE-3410695D0129E70D&ns=aolllc&cl=63072000&pageName=tcr%2520%253A%2520techcrunch%2520main&g=http%253A%252F%252Ftechcrunch.com%252F&cc=USD&ch=us.tchcr&events=event10%252Cevent12&c1=tcr%2520%253A%2520main&c2=tcr%2520%253A%2520main&c3=gmt_5&c7=D%253DDNT&c10=external%2520web%2520browser&c12=http%253A%252F%252Ftechcrunch.com%252F&c13=non-authenticated&c14=no%2520referrer&c15=unavailable&c24=D%253Dv52&c49=H.25.4-Apr2014%257Cmmx_1&v52=uaid_na&c54=wordpress&c55=882558588&c56=techcrunch.com&c61=D%253Dpccr&s=2560x1440&c=24&j=1.6&v=Y&k=Y&bw=1915&bh=978&p=Widevine%2520Content%2520Decryption%2520Module%253BShockwave%2520Flash%253BChrome%2520Remote%2520Desktop%2520Viewer%253BNative%2520Client%253BChrome%2520PDF%2520Viewer%253BDefault%2520Browser%2520Helper%253BGoogle%2520Talk%2520Plugin%253BGoogle%2520Talk%2520Plugin%2520Video%2520Renderer%253BQuickTime%2520Plug-in%25207.7.3%253BSharePoint%2520Browser%2520Plug-in%253B&AQE=1",Complete,302,http,GET,text/plain,,,,13 Nov 2014 13:42:38,13 Nov 2014 13:42:38,13 Nov 2014 13:42:39,13 Nov 2014 13:42:39,492,0,127,189,,,1285,,1631,,,
http://amch.questionmarket.com/adsc/d1042020/12/1108335/ad_radar.php?ord=1415882395,Complete,200,http,GET,image/gif,,,,13 Nov 2014 13:42:38,13 Nov 2014 13:42:38,13 Nov 2014 13:42:38,13 Nov 2014 13:42:38,301,0,0,132,3.601277,Infinity,419,,648,43,,
http://s0.wp.com/wp-content/mu-plugins/admin-bar/wpcom-admin-bar-icons.png,Complete,200,http,GET,image/png,,,,13 Nov 2014 13:42:38,13 Nov 2014 13:42:38,13 Nov 2014 13:42:38,13 Nov 2014 13:42:38,274,0,0,272,15.724795,Infinity,684,,282,3446,,
http://ads.tw.adsonar.com/adserving/getAdsAPI.jsp?callback=aslHandleAds118009&c=aslHandleAds118009&key=techcrunch.com&type=0&pubId=3110767&previousPlacementIds=&placementIds=1584487&nb=12&referrer=http%25253A%25252F%25252Ftechcrunch.com%25252F&version=3&format=json&test=false&_=1415882558502,Complete,200,http,GET,application/json;charset=UTF-8,,,,13 Nov 2014 13:42:38,13 Nov 2014 13:42:39,13 Nov 2014 13:42:39,13 Nov 2014 13:42:39,299,0,0,133,12.509146,Infinity,603,,382,2845,,35.9%
http://b.grvcdn.com/moth-min.js,Complete,200,http,GET,application/javascript,,,,13 Nov 2014 13:42:38,13 Nov 2014 13:42:38,13 Nov 2014 13:42:39,13 Nov 2014 13:42:39,113,0,0,33,16.446005,Infinity,350,,374,1179,,59.0%
http://a02.korrelate.net/a/e/d2a.ads?r=1415882558.904.399&et=a&ago=127&ao=128&px=210&pt=i&lvl=homepage,Complete,302,http,GET,text/html,,,,13 Nov 2014 13:42:38,13 Nov 2014 13:42:38,13 Nov 2014 13:42:39,13 Nov 2014 13:42:39,257,0,141,32,,,438,,581,,,
http://pixel.wp.com/g.gif?host=techcrunch.com&rand=0.39194773603230715&blog=24588526&v=wpcom&tz=-8&user_id=0&subd=tctechcrunch2011&ref=,Complete,200,http,GET,image/gif,,,,13 Nov 2014 13:42:38,13 Nov 2014 13:42:38,13 Nov 2014 13:42:38,13 Nov 2014 13:42:38,89,0,0,44,7.527212,Infinity,471,,165,50,,
http://pixel.wp.com/g.gif?v=wpcom-no-pv&rand=0.9807533728890121&crypt=UE40eW5QN0p8M2Y%2FRE1BNmNJfGhxNCVxUDExYmtXRThKbHcwXTdELEssJixhS1VMNjFXdkJRc0pmbi1yRWM9Si1vTUp2ek56RFt6QVpublBRLG9sYVlKM2E9WngublVGeVBJR09NTGdzXz04YlF4RVRIN34yTnxhZ0IvcSxjK1hXZUp1ZlYzUG0zMl1SNytbWHRma1NMektvNWI0R0xlUlhCNVA%2FSDF1W2ImW0lFXXJLcTAsX2JlT1tQLkpkZ2Zda3QlWjlDUXdPLEhQMCVBVlJrdGIsP091TnlVMHZZc0xJTVB8WFVmQV1OR0dkM2pQQTJEUHcsZ2RlalV%2BczY2V18relRN,Complete,200,http,GET,image/gif,,,,13 Nov 2014 13:42:38,13 Nov 2014 13:42:38,13 Nov 2014 13:42:39,13 Nov 2014 13:42:39,94,0,0,48,10.066905,Infinity,754,,165,50,,
http://0.gravatar.com/css/hovercard.css?ver=201446x,Complete,200,http,GET,text/css,,,,13 Nov 2014 13:42:38,13 Nov 2014 13:42:38,13 Nov 2014 13:42:38,13 Nov 2014 13:42:39,447,0,407,39,5.629981,5.259521,385,,329,1863,,77.5%
http://0.gravatar.com/css/services.css?ver=201446x,Complete,200,http,GET,text/css,,,,13 Nov 2014 13:42:38,13 Nov 2014 13:42:38,13 Nov 2014 13:42:39,13 Nov 2014 13:42:39,88,0,0,51,14.071378,Infinity,384,,327,557,,81.6%
http://connect.facebook.net/en_US/sdk.js,Complete,200,http,GET,application/x-javascript; charset=utf-8,,,,13 Nov 2014 13:42:38,13 Nov 2014 13:42:39,13 Nov 2014 13:42:39,13 Nov 2014 13:42:39,207,0,64,49,246.06073,790.3747,359,,489,51309,,67.4%
http://platform.linkedin.com/in.js?async=true,Complete,200,http,GET,text/javascript;charset=UTF-8,,,,13 Nov 2014 13:42:38,13 Nov 2014 13:42:39,13 Nov 2014 13:42:39,13 Nov 2014 13:42:39,155,0,0,51,16.034527,Infinity,364,,425,1756,,53.4%
http://zor.livefyre.com/wjs/v1.0/javascripts/CommentCount.js,Complete,200,http,GET,application/javascript,,,,13 Nov 2014 13:42:38,13 Nov 2014 13:42:39,13 Nov 2014 13:42:39,13 Nov 2014 13:42:39,121,0,1,32,34.29268,3779.2966,379,,596,3274,,64.4%
http://cdn.insights.gravity.com/moth-min.js,Complete,200,http,GET,application/x-javascript,,,,13 Nov 2014 13:42:38,13 Nov 2014 13:42:39,13 Nov 2014 13:42:39,13 Nov 2014 13:42:39,158,0,1,29,21.873762,3102.5388,362,,308,2869,,
http://b.scorecardresearch.com/beacon.js,Complete,200,http,GET,application/x-javascript,,,,13 Nov 2014 13:42:38,13 Nov 2014 13:42:38,13 Nov 2014 13:42:39,13 Nov 2014 13:42:39,80,0,1,48,22.521973,1390.6249,421,,284,1140,,40.0%
https://s.aolcdn.com/os/aol/unb.min.js,Complete,200,https,GET,application/javascript,,,,13 Nov 2014 13:42:38,13 Nov 2014 13:42:39,13 Nov 2014 13:42:39,13 Nov 2014 13:42:39,278,0,1,73,31.084898,8293.945,356,,351,8142,,81.0%
http://js.adsonar.com/js/aslJSON.js,Complete,200,http,GET,application/javascript,,,,13 Nov 2014 13:42:38,13 Nov 2014 13:42:39,13 Nov 2014 13:42:39,13 Nov 2014 13:42:39,159,0,1,31,19.59267,2769.531,354,,458,2378,,58.9%
http://b.scorecardresearch.com/b2?rn=99533707&C1=2&C2=1000009&C4=http%253A%252F%252Ftechcrunch.com%252F&C5=us.tchcr&C7=http%253A%252F%252Ftechcrunch.com%252F&C8=TechCrunch%2520-%2520The%2520latest%2520technology%2520news%2520and%2520information%2520on%2520startups,Complete,204,http,GET,,,,,13 Nov 2014 13:42:39,13 Nov 2014 13:42:39,13 Nov 2014 13:42:39,13 Nov 2014 13:42:39,33,0,0,32,25.923296,Infinity,628,,248,0,,
http://a01.korrelate.net/a/e/d2r.ads?et=r&adsuu=hObFmECLaURR&pt=i&1415882557=,Complete,302,http,GET,text/html,,,,13 Nov 2014 13:42:39,13 Nov 2014 13:42:39,13 Nov 2014 13:42:39,13 Nov 2014 13:42:39,262,0,115,38,,,440,,502,,,
"http://o.sa.aol.com/b/ss/aoltechcrunch,aolsvc/1/H.25.4/s05057834240142?AQB=1&pccr=true&vidn=2A32539E851D1102-40000131E0174D6E&=&ndh=1&t=13%252F10%252F2014%252013%253A42%253A38%25204%2520-60&fid=3CA962EDBD79F2EE-3410695D0129E70D&ns=aolllc&cl=63072000&pageName=tcr%2520%253A%2520techcrunch%2520main&g=http%253A%252F%252Ftechcrunch.com%252F&cc=USD&ch=us.tchcr&events=event10%252Cevent12&c1=tcr%2520%253A%2520main&c2=tcr%2520%253A%2520main&c3=gmt_5&c7=D%253DDNT&c10=external%2520web%2520browser&c12=http%253A%252F%252Ftechcrunch.com%252F&c13=non-authenticated&c14=no%2520referrer&c15=unavailable&c24=D%253Dv52&c49=H.25.4-Apr2014%257Cmmx_1&v52=uaid_na&c54=wordpress&c55=882558588&c56=techcrunch.com&c61=D%253Dpccr&s=2560x1440&c=24&j=1.6&v=Y&k=Y&bw=1915&bh=978&p=Widevine%2520Content%2520Decryption%2520Module%253BShockwave%2520Flash%253BChrome%2520Remote%2520Desktop%2520Viewer%253BNative%2520Client%253BChrome%2520PDF%2520Viewer%253BDefault%2520Browser%2520Helper%253BGoogle%2520Talk%2520Plugin%253BGoogle%2520Talk%2520Plugin%2520Video%2520Renderer%253BQuickTime%2520Plug-in%25207.7.3%253BSharePoint%2520Browser%2520Plug-in%253B&AQE=1",Complete,200,http,GET,image/gif,,,,13 Nov 2014 13:42:39,13 Nov 2014 13:42:39,13 Nov 2014 13:42:39,13 Nov 2014 13:42:39,211,0,0,210,9.696201,Infinity,1394,,658,43,,
http://techcrunch.com/wp-content/themes/vip/techcrunch-2013/_uac/adpage.html,Complete,200,http,GET,text/html,,,,13 Nov 2014 13:42:39,13 Nov 2014 13:42:39,13 Nov 2014 13:42:39,13 Nov 2014 13:42:39,187,0,0,186,8.313837,Infinity,669,,265,658,,52.5%
http://techcrunch.com/wp-content/themes/vip/techcrunch-2013/_uac/adpage.html,Complete,-1,http,GET,text/html,,,,13 Nov 2014 13:42:39,13 Nov 2014 13:42:39,13 Nov 2014 13:42:39,13 Nov 2014 13:42:39,187,0,0,187,-0.010444518,-Infinity,0,,-1,-1,,100.1%
http://www.google-analytics.com/r/__utm.gif?utmwv=5.6.0&utms=1&utmn=1470202376&utmhn=techcrunch.com&utmcs=UTF-8&utmsr=2560x1440&utmvp=1915x978&utmsc=24-bit&utmul=en-us&utmje=1&utmfl=15.0%2520r0&utmdt=TechCrunch%2520-%2520The%2520latest%2520technology%2520news%2520and%2520information%2520on%2520startups&utmhid=626167868&utmr=-&utmp=%252F&utmht=1415882559253&utmac=UA-991406-1&utmcc=__utma%253D75736080.1141993397.1415882559.1415882559.1415882559.1%253B%252B__utmz%253D75736080.1415882559.1.1.utmcsr%253D%28direct%29%257Cutmccn%253D%28direct%29%257Cutmcmd%253D%28none%29%253B&utmjid=455710176&utmredir=1&utmu=qBAAAAAAAAAAAAAAAAAAAAAE%7E,Complete,200,http,GET,image/gif,,,,13 Nov 2014 13:42:39,13 Nov 2014 13:42:39,13 Nov 2014 13:42:39,13 Nov 2014 13:42:39,54,0,0,53,23.96195,Infinity,916,,374,35,,
http://rma-api.gravity.com/v1/beacons/initialize?u=undefined&sg=fca4fa8af1286d8a77f26033fdeed202,Complete,200,http,GET,text/javascript;charset=UTF-8,,,,13 Nov 2014 13:42:39,13 Nov 2014 13:42:39,13 Nov 2014 13:42:39,13 Nov 2014 13:42:39,273,0,0,189,2.986922,Infinity,415,,331,89,,
https://platform.linkedin.com/js/secureAnonymousFramework?v=0.0.2000-RC8.40280-1420&=,Complete,200,https,GET,text/javascript;charset=UTF-8,,,,13 Nov 2014 13:42:39,13 Nov 2014 13:42:39,13 Nov 2014 13:42:39,13 Nov 2014 13:42:39,302,0,93,58,152.79323,491.94598,402,,317,46532,,71.7%
http://ads.adsonar.com/adserving/getAdsAPI.jsp?version=2&c=aslSidebarCallback&pid=2360767&k=www.aol.com&type=0&placementId=1530658&docTitle=TechCrunch%2520-%2520The%2520latest%2520technology%2520news%2520and%2520information%2520on%2520startups&referrer=http%253A%252F%252Ftechcrunch.com%252F&nb=3&noCache=1415882559265,Complete,200,http,GET,application/json;charset=UTF-8,,,,13 Nov 2014 13:42:39,13 Nov 2014 13:42:39,13 Nov 2014 13:42:39,13 Nov 2014 13:42:39,307,0,0,132,6.6323543,Infinity,611,,382,1092,,23.3%
http://s.aolcdn.com/os/SponsoredListings//AdGallery/27899655/125x125/4930822.jpg,Complete,200,http,GET,image/jpeg,,,,13 Nov 2014 13:42:39,13 Nov 2014 13:42:39,13 Nov 2014 13:42:39,13 Nov 2014 13:42:39,80,0,3,42,107.56836,2733.073,416,,268,8128,,
http://s.aolcdn.com/os/SponsoredListings//AdGallery/27899554/125x125/4930495.jpg,Complete,200,http,GET,image/jpeg,,,,13 Nov 2014 13:42:39,13 Nov 2014 13:42:39,13 Nov 2014 13:42:39,13 Nov 2014 13:42:39,183,0,102,45,190.59512,337.96722,416,,269,35031,,
http://s.aolcdn.com/os/SponsoredListings//AdGallery/27899558/125x125/4930254.png,Complete,200,http,GET,image/png,,,,13 Nov 2014 13:42:39,13 Nov 2014 13:42:39,13 Nov 2014 13:42:39,13 Nov 2014 13:42:39,212,0,1,176,15.795438,2942.3826,416,,267,2746,,
http://s.aolcdn.com/os/SponsoredListings//AdGallery/27899134/125x125/4927093.jpeg,Complete,200,http,GET,image/jpeg,,,,13 Nov 2014 13:42:39,13 Nov 2014 13:42:39,13 Nov 2014 13:42:39,13 Nov 2014 13:42:39,150,0,1,112,66.712234,9599.609,417,,268,9562,,
http://a01.korrelate.net/1x1.gif?et=r&adsuu=hObFmECLaURR&pt=i&1415882557=,Complete,200,http,GET,image/gif,,,,13 Nov 2014 13:42:39,13 Nov 2014 13:42:39,13 Nov 2014 13:42:39,13 Nov 2014 13:42:39,37,0,0,36,22.381756,Infinity,436,,369,43,,
http://o.aolcdn.com/os/moat/prod/MessageSenderV2.swf,Complete,200,http,GET,application/x-shockwave-flash,,,,13 Nov 2014 13:42:39,13 Nov 2014 13:42:39,13 Nov 2014 13:42:39,13 Nov 2014 13:42:39,41,0,1,39,,,371,,285,,,
http://static.ak.facebook.com/connect/xd_arbiter/QjK2hWv6uak.js?version=41,Complete,200,http,GET,text/html; charset=utf-8,,,,13 Nov 2014 13:42:39,13 Nov 2014 13:42:39,13 Nov 2014 13:42:39,13 Nov 2014 13:42:39,140,0,5,32,74.072266,1983.3984,464,,426,9729,,64.6%
https://s-static.ak.facebook.com/connect/xd_arbiter/QjK2hWv6uak.js?version=41,Complete,200,https,GET,text/html; charset=utf-8,,,,13 Nov 2014 13:42:39,13 Nov 2014 13:42:39,13 Nov 2014 13:42:39,13 Nov 2014 13:42:39,280,0,1,59,37.081474,9927.734,466,,426,9740,,64.6%
"http://at.atwola.com/addyn/3.0/5113.1/221794/0/-1/allowedSizes=728x90,948x250,970x66,970x90,950x252,970x250,940x230,101x1;noperf=1;alias=93311123;kvpg=techcrunch;kvugc=0;kvh5lsid=0;kvmn=93311123;kvgrp=882558588;kvismob=2;kvoch=us.tchcr;extmirroring=0;kvtile=1;target=_blank;aduho=60;grp=882558588",Complete,302,http,GET,,,,,13 Nov 2014 13:42:39,13 Nov 2014 13:42:39,13 Nov 2014 13:42:39,13 Nov 2014 13:42:39,422,0,0,189,,,669,,592,,,
http://at.atwola.com/addyn/3.0/5113.1/221794/0/-1/noperf=1;alias=93311231;cfp=1;noaddonpl=y;kvpg=techcrunch;kvugc=0;kvh5lsid=0;kvmn=93311231;kvgrp=882558588;kvismob=2;kvoch=us.tchcr;extmirroring=0;kvtile=2;target=_blank;aduho=60;grp=882558588,Complete,302,http,GET,,,,,13 Nov 2014 13:42:39,13 Nov 2014 13:42:39,13 Nov 2014 13:42:39,13 Nov 2014 13:42:39,424,0,0,192,,,615,,487,,,
http://rma-api.gravity.com/v1/beacons/log?cbust=539-39&=&site_guid=fca4fa8af1286d8a77f26033fdeed202&action=beacon&user_guid=bc3d05ab181bc90c2d75f16e7f420f14&referrer=&browser_useragent=Mozilla%252F5.0%2520%28Macintosh%253B%2520Intel%2520Mac%2520OS%2520X%252010_10_0%29%2520AppleWebKit%252F537.36%2520%28KHTML%252C%2520like%2520Gecko%29%2520Chrome%252F38.0.2125.104%2520Safari%252F537.36&OS=MacOS&href=http%253A%252F%252Ftechcrunch.com%252F&url=http%253A%252F%252Ftechcrunch.com%252F&=&=&=&=&=&=&=&=&article_title=TechCrunch%2520-%2520The%2520latest%2520technology%2520news%2520and%2520information%2520on%2520startups&=&=&type=content&=,Complete,200,http,GET,text/html;charset=UTF-8,,,,13 Nov 2014 13:42:39,13 Nov 2014 13:42:39,13 Nov 2014 13:42:39,13 Nov 2014 13:42:39,194,0,0,192,5.4365335,Infinity,913,,167,0,,
http://rma-api.gravity.com/v1/beacons/log?cbust=540-39&=&site_guid=fca4fa8af1286d8a77f26033fdeed202&action=beacon&user_guid=bc3d05ab181bc90c2d75f16e7f420f14&referrer=&browser_useragent=Mozilla%252F5.0%2520%28Macintosh%253B%2520Intel%2520Mac%2520OS%2520X%252010_10_0%29%2520AppleWebKit%252F537.36%2520%28KHTML%252C%2520like%2520Gecko%29%2520Chrome%252F38.0.2125.104%2520Safari%252F537.36&OS=MacOS&href=http%253A%252F%252Ftechcrunch.com%252F&url=http%253A%252F%252Ftechcrunch.com%252F&=&=&=&=&=&=&=&=&article_title=TechCrunch%2520-%2520The%2520latest%2520technology%2520news%2520and%2520information%2520on%2520startups&=&=&type=content&=,Complete,200,http,GET,text/html;charset=UTF-8,,,,13 Nov 2014 13:42:39,13 Nov 2014 13:42:39,13 Nov 2014 13:42:39,13 Nov 2014 13:42:39,241,0,0,208,4.3762965,Infinity,913,,167,0,,
"http://at.atwola.com/addyn/3.0/5113.1/221794/0/-1/allowedSizes=728x90,948x250,970x66,970x90,950x252,970x250,940x230,101x1;cfp=1;rndc=1415882557;noperf=1;alias=93311123;kvpg=techcrunch;kvugc=0;kvh5lsid=0;kvmn=93311123;kvgrp=882558588;kvismob=2;kvoch=us.tchcr;extmirroring=0;kvtile=1;target=_blank;aduho=60;grp=882558588",Complete,302,http,GET,,,,,13 Nov 2014 13:42:39,13 Nov 2014 13:42:39,13 Nov 2014 13:42:40,13 Nov 2014 13:42:40,189,0,0,188,,,706,,723,,,
http://uk.at.atwola.com/addyn/3.0/1065.1/2868724/93311231/-1/noperf=1;alias=93311231;cfp=1;noaddonpl=y;kvpg=techcrunch;kvugc=0;kvh5lsid=0;kvmn=93311231;kvgrp=882558588;kvismob=2;kvoch=us.tchcr;extmirroring=0;kvtile=2;target=_blank;aduho=60;grp=882558588;defaultalias=130AS300x250M,Complete,302,http,GET,,,,,13 Nov 2014 13:42:39,13 Nov 2014 13:42:39,13 Nov 2014 13:42:40,13 Nov 2014 13:42:40,104,0,0,54,,,668,,504,,,
http://adserver.adtech.de/addyn/3.0/1065.1/2868724/93311231/-1/noperf=1;rdhost=uk.at.atwola.com;cfp=1;rndc=1415882557;alias=93311231;noaddonpl=y;kvpg=techcrunch;kvugc=0;kvh5lsid=0;kvmn=93311231;kvgrp=882558588;kvismob=2;kvoch=us.tchcr;extmirroring=0;kvtile=2;target=_blank;aduho=60;grp=882558588;defaultalias=130AS300x250M,Complete,302,http,GET,,,,,13 Nov 2014 13:42:40,13 Nov 2014 13:42:40,13 Nov 2014 13:42:40,13 Nov 2014 13:42:40,115,0,0,66,,,695,,665,,,
"http://uk.at.atwola.com/addyn/3.0/1065.1/2868724/93311123/-1/allowedSizes=728x90,948x250,970x66,970x90,950x252,970x250,940x230,101x1;cfp=1;rndc=1415882557;noperf=1;alias=93311123;kvpg=techcrunch;kvugc=0;kvh5lsid=0;kvmn=93311123;kvgrp=882558588;kvismob=2;kvoch=us.tchcr;extmirroring=0;kvtile=1;target=_blank;aduho=60;grp=882558588;defaultalias=130AS728x90",Complete,302,http,GET,,,,,13 Nov 2014 13:42:40,13 Nov 2014 13:42:40,13 Nov 2014 13:42:40,13 Nov 2014 13:42:40,56,0,0,55,,,781,,600,,,
http://adserver.adtech.de/addyn/3.0/1065.1/2868724/93311231/-1/noperf=1;rdhost=uk.at.atwola.com;cfp=1;rndc=1415882557;alias=93311231;noaddonpl=y;kvpg=techcrunch;kvugc=0;kvh5lsid=0;kvmn=93311231;kvgrp=882558588;kvismob=2;kvoch=us.tchcr;extmirroring=0;kvtile=2;target=_blank;aduho=60;grp=882558588;defaultalias=130AS300x250M,Complete,302,http,GET,,,,,13 Nov 2014 13:42:40,13 Nov 2014 13:42:40,13 Nov 2014 13:42:40,13 Nov 2014 13:42:40,53,0,0,52,,,742,,516,,,
"http://adserver.adtech.de/addyn/3.0/1065.1/2868724/93311123/-1/allowedSizes=728x90,948x250,970x66,970x90,950x252,970x250,940x230,101x1;rdhost=uk.at.atwola.com;uuid=54649D6A6E651744416E29CBF001EBEA;cfp=1;rndc=1415882558;noperf=1;alias=93311123;kvpg=techcrunch;kvugc=0;kvh5lsid=0;kvmn=93311123;kvgrp=882558588;kvismob=2;kvoch=us.tchcr;extmirroring=0;kvtile=1;target=_blank;aduho=60;grp=882558588;defaultalias=130AS728x90",Complete,302,http,GET,,,,,13 Nov 2014 13:42:40,13 Nov 2014 13:42:40,13 Nov 2014 13:42:40,13 Nov 2014 13:42:40,89,0,1,56,,,838,,574,,,
http://uk.at.atwola.com/addyn/3.0/1065.1/2868724/93311231/-1/noperf=1;uuid=54649D6A6E65174475B4E6A0F50AD057;cfp=1;rndc=1415882558;alias=93311231;noaddonpl=y;kvpg=techcrunch;kvugc=0;kvh5lsid=0;kvmn=93311231;kvgrp=882558588;kvismob=2;kvoch=us.tchcr;extmirroring=0;kvtile=2;target=_blank;aduho=60;grp=882558588;defaultalias=130AS300x250M,Complete,200,http,GET,application/x-javascript,,,,13 Nov 2014 13:42:40,13 Nov 2014 13:42:40,13 Nov 2014 13:42:40,13 Nov 2014 13:42:40,56,0,1,54,27.483257,795.8984,761,,496,319,,57.7%
http://o.aolcdn.com/ads/adsWrapper3.js,Complete,200,http,GET,application/javascript,,,,13 Nov 2014 13:42:40,13 Nov 2014 13:42:40,13 Nov 2014 13:42:40,13 Nov 2014 13:42:40,39,0,1,36,130.33353,4681.6406,411,,348,4446,,49.2%
"http://uk.at.atwola.com/addyn/3.0/1065.1/2868724/93311123/-1/allowedSizes=728x90,948x250,970x66,970x90,950x252,970x250,940x230,101x1;uuid=54649D6A6E65174475B4E6A0F50AD057;cfp=1;rndc=1415882558;noperf=1;alias=93311123;kvpg=techcrunch;kvugc=0;kvh5lsid=0;kvmn=93311123;kvgrp=882558588;kvismob=2;kvoch=us.tchcr;extmirroring=0;kvtile=1;target=_blank;aduho=60;grp=882558588;defaultalias=130AS728x90",Complete,200,http,GET,application/x-javascript,,,,13 Nov 2014 13:42:40,13 Nov 2014 13:42:40,13 Nov 2014 13:42:40,13 Nov 2014 13:42:40,71,0,0,69,20.906689,Infinity,865,,286,369,,56.3%
http://uk.at.atwola.com/addyn/3.0/1065.1/2590140/0/-1/size=300x250;noperf=1;alias=100024097;noaddonpl=y;kvorigmn=93311231;kvugc=0;kvpg=techcrunch;kvmn=100024097;kv3puac=1;kvgrp=882558588;kvismob=2;extmirroring=0;kvtile=1;aduho=60;grp=882558588,Complete,200,http,GET,application/x-javascript,,,,13 Nov 2014 13:42:40,13 Nov 2014 13:42:40,13 Nov 2014 13:42:40,13 Nov 2014 13:42:40,188,0,1,158,10.399352,1255.8594,716,,247,1039,,62.4%
http://o.aolcdn.com/ads/adsWrapper3.js,Complete,200,http,GET,application/javascript,,,,13 Nov 2014 13:42:40,13 Nov 2014 13:42:40,13 Nov 2014 13:42:40,13 Nov 2014 13:42:40,0,0,0,0,Infinity,Infinity,411,,348,0,,100.0%
http://uk.at.atwola.com/addyn/3.0/1065.1/2590140/0/-1/size=728x90;noperf=1;alias=100024098;noaddonpl=y;kvorigmn=93311123;kvugc=0;kvpg=techcrunch;kvmn=100024098;kv3puac=1;kvgrp=882558588;kvismob=2;extmirroring=0;kvtile=2;aduho=60;grp=882558588,Complete,200,http,GET,application/x-javascript,,,,13 Nov 2014 13:42:40,13 Nov 2014 13:42:40,13 Nov 2014 13:42:40,13 Nov 2014 13:42:40,203,0,1,184,9.6068735,1251.9531,715,,247,1035,,62.5%
http://ads.rubiconproject.com/ad/8024.js,Complete,200,http,GET,text/javascript,,,,13 Nov 2014 13:42:40,13 Nov 2014 13:42:40,13 Nov 2014 13:42:40,13 Nov 2014 13:42:40,133,0,3,39,48.380226,2010.4166,413,,309,5867,,72.5%
http://c1.adform.net/serving/cookie/match/?CC=1&party=15&curl=http%3A%2F%2Fums.adtech.de%2Fmapuser%3Fproviderid%3D1016%3Buserid%3D%24UID,Complete,200,http,GET,image/gif,,,,13 Nov 2014 13:42:40,13 Nov 2014 13:42:40,13 Nov 2014 13:42:40,13 Nov 2014 13:42:40,247,0,1,157,3.194585,292.96875,508,,257,43,,
http://match.adsrvr.org/track/cmf/generic?ttd_pid=aoladtech_eu,Complete,302,http,GET,text/html,,,,13 Nov 2014 13:42:40,13 Nov 2014 13:42:40,13 Nov 2014 13:42:40,13 Nov 2014 13:42:40,404,0,0,183,,,452,,632,,,
http://cm.g.doubleclick.net/pixel?google_nid=adtech_dbm_eu&google_cm=&google_sc=,Complete,302,http,GET,text/html; charset=UTF-8,,,,13 Nov 2014 13:42:40,13 Nov 2014 13:42:40,13 Nov 2014 13:42:40,13 Nov 2014 13:42:40,97,0,1,57,,,468,,704,,,
http://sync.mathtag.com/sync/img?mt_exid=21&redir=https%3A%2F%2Fums.adtech.de%2Fmapuser%3Fproviderid%3D1005%3Buserid%3D%5BMM_UUID%5D,Complete,302,http,GET,image/gif,,,,13 Nov 2014 13:42:40,13 Nov 2014 13:42:40,13 Nov 2014 13:42:40,13 Nov 2014 13:42:40,161,0,1,46,,,502,,897,,,
http://pixel.sitescout.com/dmp/pixelSync?network=AdTech%2520Marketplace&rurl=http%3A%2F%2Fums.adtech.de%2Fmapuser%3Fproviderid%3D1002%3Buserid%3D%24UID,Complete,302,http,GET,,,,,13 Nov 2014 13:42:40,13 Nov 2014 13:42:40,13 Nov 2014 13:42:40,13 Nov 2014 13:42:40,263,0,1,130,,,521,,579,,,
http://d.chango.com/m/aol,Complete,200,http,GET,image/gif,,,,13 Nov 2014 13:42:40,13 Nov 2014 13:42:40,13 Nov 2014 13:42:40,13 Nov 2014 13:42:40,235,0,2,117,4.0101395,268.5547,415,,515,35,,
http://rtb.metrigo.com/delivery/sync/adtech/pixel_match,Complete,302,http,GET,text/html;charset=utf-8,,,,13 Nov 2014 13:42:40,13 Nov 2014 13:42:40,13 Nov 2014 13:42:40,13 Nov 2014 13:42:40,90,0,1,46,,,445,,531,,,
http://p.rfihub.com/cm?in=1&pub=758&forward=http%3A%2F%2Fums.adtech.de%2Fmapuser%3Fproviderid%3D1014%3Buserid%3D%7Buserid%7D,Complete,302,http,GET,,,,,13 Nov 2014 13:42:40,13 Nov 2014 13:42:40,13 Nov 2014 13:42:40,13 Nov 2014 13:42:40,146,0,8,34,,,494,,833,,,
http://x.bidswitch.net/sync?ssp=aol,Complete,302,http,GET,text/html; charset=UTF-8,,,,13 Nov 2014 13:42:40,13 Nov 2014 13:42:40,13 Nov 2014 13:42:40,13 Nov 2014 13:42:40,174,0,2,43,,,425,,544,,,
http://ads.admized.com/rtb/usermatch.php?umid=31&dataid=0&call_type=redirect&rtbprovider=openrtb&redirecturl=http%3A%2F%2Fums.adtech.de%2Fmapuser%2Fproviderid%3D1036%3Buserid%3D%25userid%25,Complete,302,http,GET,text/html; charset=ISO-8859-1,,,,13 Nov 2014 13:42:40,13 Nov 2014 13:42:40,13 Nov 2014 13:42:40,13 Nov 2014 13:42:40,105,0,2,54,,,559,,826,,,
http://ums.adtech.de/mapuser?providerid=1032%3Buserid%3D2002ff26-f5e2-47f1-ba78-8a671de17b8a,Complete,200,http,GET,image/gif,,,,13 Nov 2014 13:42:40,13 Nov 2014 13:42:40,13 Nov 2014 13:42:40,13 Nov 2014 13:42:40,103,0,2,51,7.101411,109.37499,525,,181,43,,
http://cm.g.doubleclick.net/pixel?google_nid=adtech_dbm_eu&google_cm=&google_sc=&google_tc=,Complete,302,http,GET,text/html; charset=UTF-8,,,,13 Nov 2014 13:42:40,13 Nov 2014 13:42:40,13 Nov 2014 13:42:40,13 Nov 2014 13:42:40,50,0,3,46,,,521,,830,,,
http://ums.adtech.de/mapuser/providerid=1036;userid=21c8cd21af873fe9b49441d0f6bfd0305bb1eba12e177a1cf7e5a73aeade7,Complete,200,http,GET,image/gif,,,,13 Nov 2014 13:42:40,13 Nov 2014 13:42:40,13 Nov 2014 13:42:40,13 Nov 2014 13:42:40,115,0,2,62,6.57269,109.37499,550,,181,43,,
http://optimized-by.rubiconproject.com/a/8024/23312/84784-15.js?=&cb=0.4002133591566235&tk_st=1&rf=http%253A%2F%2Ftechcrunch.com%2F&rp_s=c&gender=U&age=0&tg_i.Page=0&tg_i.Position=ATF&tg_v.Segment=0&tg_v.Gender=U&tg_v.Age=0&p_pos=atf&p_screen_res=2560x1440,Complete,200,http,GET,text/javascript,,,,13 Nov 2014 13:42:40,13 Nov 2014 13:42:40,13 Nov 2014 13:42:40,13 Nov 2014 13:42:40,156,0,0,114,25.878906,Infinity,620,,1394,2120,,
http://optimized-by.rubiconproject.com/a/8024/23312/84784-2.js?=&cb=0.9546075186226517&tk_st=1&rf=http%253A%2F%2Ftechcrunch.com%2F&rp_s=c&gender=U&age=0&tg_i.Page=0&tg_i.Position=ATF&tg_v.Segment=0&tg_v.Gender=U&tg_v.Age=0&p_pos=atf&p_screen_res=2560x1440,Complete,200,http,GET,text/javascript,,,,13 Nov 2014 13:42:40,13 Nov 2014 13:42:40,13 Nov 2014 13:42:40,13 Nov 2014 13:42:40,159,0,1,111,25.316923,3420.8982,619,,1389,2114,,
http://ums.adtech.de/mapuser?providerid=1021%3Buserid%3DCAESEEeFu82V2FRerCufCTFuwPw,Complete,200,http,GET,image/gif,,,,13 Nov 2014 13:42:40,13 Nov 2014 13:42:40,13 Nov 2014 13:42:40,13 Nov 2014 13:42:40,121,0,1,71,5.972366,218.74998,516,,181,43,,
http://ums.adtech.de/mapuser?providerid=1014%3Buserid%3D638174141741555785,Complete,200,http,GET,image/gif,,,,13 Nov 2014 13:42:40,13 Nov 2014 13:42:40,13 Nov 2014 13:42:40,13 Nov 2014 13:42:40,119,0,2,69,5.9988837,109.37499,507,,181,43,,
https://ums.adtech.de/mapuser?providerid=1005%3Buserid%3D16e55464-a73f-4c00-9fb3-95815adbef18,Complete,200,https,GET,image/gif,,,,13 Nov 2014 13:42:40,13 Nov 2014 13:42:40,13 Nov 2014 13:42:40,13 Nov 2014 13:42:40,241,0,1,52,3.0350428,218.74998,525,,181,43,,
http://x.bidswitch.net/ul_cb/sync?ssp=aol,Complete,302,http,GET,text/html; charset=UTF-8,,,,13 Nov 2014 13:42:40,13 Nov 2014 13:42:40,13 Nov 2014 13:42:40,13 Nov 2014 13:42:40,70,0,2,67,,,483,,533,,,
http://techcrunch.com/undefined/pixel.gif?undefined=,Complete,404,http,GET,text/html,,,,13 Nov 2014 13:42:40,13 Nov 2014 13:42:40,13 Nov 2014 13:42:40,13 Nov 2014 13:42:40,194,0,0,193,,,837,,202,,,N/A
http://t.pswec.com/bsw_sync?ssp=aol,Complete,302,http,GET,text/html; charset=UTF-8,,,,13 Nov 2014 13:42:40,13 Nov 2014 13:42:40,13 Nov 2014 13:42:40,13 Nov 2014 13:42:40,159,0,2,49,,,425,,523,,,
http://ums.adtech.de/mapuser?providerid=1002%3Buserid%3Dfde0612d-03ca-4f33-aa91-acc13a2f987d,Complete,200,http,GET,image/gif,,,,13 Nov 2014 13:42:40,13 Nov 2014 13:42:40,13 Nov 2014 13:42:40,13 Nov 2014 13:42:40,53,0,1,51,13.800855,218.74998,525,,181,43,,
http://assets.rubiconproject.com/campaigns/100/19/51/39/1370274736ItsAboutYou_300x250.jpg,Complete,200,http,GET,image/jpeg,,,,13 Nov 2014 13:42:40,13 Nov 2014 13:42:40,13 Nov 2014 13:42:40,13 Nov 2014 13:42:40,150,0,34,32,227.5651,982.30695,754,,232,33968,,
http://tap2-cdn.rubiconproject.com/partner/scripts/rubicon/emily.html?rtb_ext=1&pc=8024%2F23312&geo=eu&co=be,Complete,200,http,GET,text/html;charset=ISO-8859-1,,,,13 Nov 2014 13:42:40,13 Nov 2014 13:42:40,13 Nov 2014 13:42:40,13 Nov 2014 13:42:40,143,0,4,56,58.709843,1897.4608,825,,399,7373,,68.8%
http://ad.turn.com/server/pixel.htm?fpid=28,Complete,200,http,GET,text/html;charset=UTF-8,,,,13 Nov 2014 13:42:40,13 Nov 2014 13:42:40,13 Nov 2014 13:42:40,13 Nov 2014 13:42:40,144,0,0,51,8.687338,Infinity,487,,493,301,,19.1%
http://ip.casalemedia.com/usermatch?s=175407&cb=http%253A%252F%252Fums.adtech.de%252Fmapuser%253Fproviderid%253D1010%253Buserid%3D,Complete,302,http,GET,text/html; charset=iso-8859-1,,,,13 Nov 2014 13:42:40,13 Nov 2014 13:42:40,13 Nov 2014 13:42:41,13 Nov 2014 13:42:41,210,0,0,66,,,558,,683,,,
http://assets.rubiconproject.com/campaigns/100/19/51/39/1370274417InAnEra_728x90.jpg,Complete,200,http,GET,image/jpeg,,,,13 Nov 2014 13:42:40,13 Nov 2014 13:42:40,13 Nov 2014 13:42:40,13 Nov 2014 13:42:40,155,0,35,44,221.32686,957.8683,799,,232,34098,,
http://tap2-cdn.rubiconproject.com/partner/scripts/rubicon/emily.html?rtb_ext=1&pc=8024%2F23312&geo=eu&co=be,Complete,-1,http,GET,text/html;charset=ISO-8859-1,,,,13 Nov 2014 13:42:40,13 Nov 2014 13:42:40,13 Nov 2014 13:42:40,13 Nov 2014 13:42:40,136,0,0,135,-0.014361212,-Infinity,0,,-1,-1,,100.0%
http://ad.turn.com/server/pixel.htm?fpid=28,Complete,200,http,GET,text/html;charset=UTF-8,,,,13 Nov 2014 13:42:40,13 Nov 2014 13:42:40,13 Nov 2014 13:42:40,13 Nov 2014 13:42:40,175,0,0,38,7.142857,Infinity,487,,493,300,,19.4%
http://ip.casalemedia.com/usermatch?s=175407&cb=http%253A%252F%252Fums.adtech.de%252Fmapuser%253Fproviderid%253D1010%253Buserid%3D,Complete,302,http,GET,text/html; charset=iso-8859-1,,,,13 Nov 2014 13:42:40,13 Nov 2014 13:42:41,13 Nov 2014 13:42:41,13 Nov 2014 13:42:41,248,0,0,44,,,558,,683,,,
http://techcrunch.com/undefined/pixel.gif?undefined=,Complete,404,http,GET,text/html,,,,13 Nov 2014 13:42:40,13 Nov 2014 13:42:40,13 Nov 2014 13:42:41,13 Nov 2014 13:42:41,187,0,0,186,,,837,,202,,,N/A
http://t.pswec.com/ul_cb/bsw_sync?ssp=aol,Complete,302,http,GET,text/html; charset=UTF-8,,,,13 Nov 2014 13:42:40,13 Nov 2014 13:42:40,13 Nov 2014 13:42:40,13 Nov 2014 13:42:40,70,0,12,57,,,483,,545,,,
http://match.adsrvr.org/track/cmb/generic?ttd_pid=aoladtech_eu,Complete,302,http,GET,text/html,,,,13 Nov 2014 13:42:40,13 Nov 2014 13:42:40,13 Nov 2014 13:42:41,13 Nov 2014 13:42:41,189,0,4,183,,,539,,698,,,
http://ad.turn.com/server/pixel.htm?fpid=6&sp=y,Complete,200,http,GET,text/html;charset=UTF-8,,,,13 Nov 2014 13:42:40,13 Nov 2014 13:42:40,13 Nov 2014 13:42:41,13 Nov 2014 13:42:41,78,0,1,57,16.826923,771.4843,554,,493,297,,19.9%
http://cdn.turn.com/server/ddc.htm?uid=6968199289856398512&rnd=7472602448121894064&fpid=28&nu=y&t=&sp=n&purl=&ctid=3&cyid=20,Complete,200,http,GET,text/html;charset=UTF-8,,,,13 Nov 2014 13:42:40,13 Nov 2014 13:42:41,13 Nov 2014 13:42:41,13 Nov 2014 13:42:41,134,0,0,34,46.168083,Infinity,568,,386,5381,,73.4%
http://x.bidswitch.net/sync?dsp_id=2&user_id=&expires=7&ssp=aol,Complete,200,http,GET,image/gif,,,,13 Nov 2014 13:42:40,13 Nov 2014 13:42:40,13 Nov 2014 13:42:41,13 Nov 2014 13:42:41,59,0,2,56,16.717426,246.58202,505,,462,43,,
http://cdn.turn.com/server/ddc.htm?uid=3508590351105725616&rnd=4012993509371221168&fpid=28&nu=y&t=&sp=n&purl=&ctid=3&cyid=20,Complete,200,http,GET,text/html;charset=UTF-8,,,,13 Nov 2014 13:42:40,13 Nov 2014 13:42:41,13 Nov 2014 13:42:41,13 Nov 2014 13:42:41,114,0,2,36,54.26775,2815.9177,568,,386,5381,,73.4%
http://ip.casalemedia.com/usermatch?s=175407&cb=http%253A%252F%252Fums.adtech.de%252Fmapuser%253Fproviderid%253D1010%253Buserid%3D&C=1,Complete,200,http,GET,text/html,,,,13 Nov 2014 13:42:41,13 Nov 2014 13:42:41,13 Nov 2014 13:42:41,13 Nov 2014 13:42:41,75,0,1,40,40.455727,2437.5,611,,939,1557,,
http://cdn.turn.com/server/ddc.htm?uid=6968199289856398512&rnd=4134548251265352183&fpid=6&nu=n&t=&sp=y&purl=&ctid=3&cyid=20,Complete,200,http,GET,text/html;charset=UTF-8,,,,13 Nov 2014 13:42:41,13 Nov 2014 13:42:41,13 Nov 2014 13:42:41,13 Nov 2014 13:42:41,63,0,2,33,98.245285,2815.9177,571,,386,5381,,73.4%
http://ip.casalemedia.com/usermatch?s=175407&cb=http%253A%252F%252Fums.adtech.de%252Fmapuser%253Fproviderid%253D1010%253Buserid%3D&C=1,Complete,200,http,GET,text/html,,,,13 Nov 2014 13:42:41,13 Nov 2014 13:42:41,13 Nov 2014 13:42:41,13 Nov 2014 13:42:41,73,0,1,41,43.784782,2599.6091,611,,939,1723,,
http://sync.mathtag.com/sync/img?mt_exid=9,Complete,302,http,GET,image/gif,,,,13 Nov 2014 13:42:41,13 Nov 2014 13:42:41,13 Nov 2014 13:42:41,13 Nov 2014 13:42:41,289,0,0,287,,,619,,708,,,
http://cm.g.doubleclick.net/pixel?google_nid=rubicon&google_cm=&google_sc=,Complete,302,http,GET,text/html; charset=UTF-8,,,,13 Nov 2014 13:42:41,13 Nov 2014 13:42:41,13 Nov 2014 13:42:41,13 Nov 2014 13:42:41,74,0,22,51,,,572,,609,,,
http://ib.adnxs.com/getuidnb?http%253A%252F%252Fpixel.rubiconproject.com%252Ftap.php%253Fv%253D4894%2526nid%253D1986%2526put%253D%24UID%2526expires%253D30=,Complete,302,http,GET,text/html; charset=utf-8,,,,13 Nov 2014 13:42:41,13 Nov 2014 13:42:41,13 Nov 2014 13:42:41,13 Nov 2014 13:42:41,130,0,0,43,,,548,,861,,,
http://relestar.com/cs?p=ri,Complete,302,http,GET,text/html,,,,13 Nov 2014 13:42:41,13 Nov 2014 13:42:41,13 Nov 2014 13:42:41,13 Nov 2014 13:42:41,407,0,0,194,,,447,,298,,,
http://rubicon-cm.p.veruta.com/adserver/cookiematch?pnid=3000007,Complete,200,http,GET,image/gif,,,,13 Nov 2014 13:42:41,13 Nov 2014 13:42:41,13 Nov 2014 13:42:41,13 Nov 2014 13:42:41,329,0,0,137,1.9442202,Infinity,484,,128,43,,
http://rpush.cogocast.net/,Complete,204,http,GET,,,,,13 Nov 2014 13:42:41,13 Nov 2014 13:42:41,13 Nov 2014 13:42:41,13 Nov 2014 13:42:41,333,0,1,137,2.2199934,303.71094,446,,311,0,,
http://map.media6degrees.com/orbserv/hbpix?pixId=4857,Complete,302,http,GET,,,,,13 Nov 2014 13:42:41,13 Nov 2014 13:42:41,13 Nov 2014 13:42:41,13 Nov 2014 13:42:41,288,0,1,108,,,473,,483,,,
http://ums.adtech.de/mapuser/providerid=1037;userid=d4f4a401-9286-45c4-aa4e-3ec611bdc343,Complete,200,http,GET,image/gif,,,,13 Nov 2014 13:42:41,13 Nov 2014 13:42:41,13 Nov 2014 13:42:41,13 Nov 2014 13:42:41,55,0,1,52,13.2990055,218.74998,525,,181,43,,
http://cm.g.doubleclick.net/pixel?google_nid=casale_media&google_cm=&google_sc=,Complete,302,http,GET,text/html; charset=UTF-8,,,,13 Nov 2014 13:42:41,13 Nov 2014 13:42:41,13 Nov 2014 13:42:41,13 Nov 2014 13:42:41,83,0,0,46,,,589,,597,,,
http://a.rfihub.com/cm?cm_dsp_id=57&cm_callback_url=http%253A%252F%252Fdsum.casalemedia.com%252Frum&cm_user_id=VGSnP8AoJ2oAACnsHYIAAAEK,Complete,302,http,GET,,,,,13 Nov 2014 13:42:41,13 Nov 2014 13:42:41,13 Nov 2014 13:42:41,13 Nov 2014 13:42:41,155,0,0,37,,,826,,973,,,
http://ad.turn.com/server/pixel.htm?fpid=21&sp=y,Complete,200,http,GET,text/html;charset=UTF-8,,,,13 Nov 2014 13:42:41,13 Nov 2014 13:42:41,13 Nov 2014 13:42:41,13 Nov 2014 13:42:41,44,0,1,43,30.18466,774.414,567,,493,300,,19.4%
http://pixel.rubiconproject.com/tap.php?v=7751&nid=2249&expires=30&put=CAESEMAPmuuQgYjtyL7G-VSqw9o&google_cver=1,Complete,200,http,GET,image/gif,,,,13 Nov 2014 13:42:41,13 Nov 2014 13:42:41,13 Nov 2014 13:42:41,13 Nov 2014 13:42:41,144,0,1,45,10.30816,647.4609,857,,614,49,,
http://pixel.everesttech.net/1/gr?url=http%253A%252F%252Fdsum.casalemedia.com%252Frum%253Fcm_dsp_id%253D71%2526external_user_id%253D__EFGCK__,Complete,302,http,GET,text/html; charset=iso-8859-1,,,,13 Nov 2014 13:42:41,13 Nov 2014 13:42:41,13 Nov 2014 13:42:41,13 Nov 2014 13:42:41,129,0,0,38,,,557,,802,,,
http://ad.turn.com/server/pixel.htm?fpid=21&sp=y,Complete,200,http,GET,text/html;charset=UTF-8,,,,13 Nov 2014 13:42:41,13 Nov 2014 13:42:41,13 Nov 2014 13:42:41,13 Nov 2014 13:42:41,39,0,0,38,34.079525,Infinity,567,,493,301,,19.1%
http://cdn.turn.com/server/ddc.htm?uid=6968199289856398512&rnd=4409829678976745975&fpid=21&nu=n&t=&sp=y&purl=&ctid=3&cyid=20,Complete,200,http,GET,text/html;charset=UTF-8,,,,13 Nov 2014 13:42:41,13 Nov 2014 13:42:41,13 Nov 2014 13:42:41,13 Nov 2014 13:42:41,35,0,2,32,185.15625,2815.9177,869,,386,5381,,73.4%
http://r.casalemedia.com/rum?cm_dsp_id=45&external_user_id=CAESEAJ-7tIuxM4bbyzKqfimH7A&google_cver=1,Complete,200,http,GET,image/gif,,,,13 Nov 2014 13:42:41,13 Nov 2014 13:42:41,13 Nov 2014 13:42:41,13 Nov 2014 13:42:41,164,0,1,75,8.818835,745.1171,718,,720,43,,
http://ib.adnxs.com/bounce?%252Fgetuidnb%253Fhttp%25253A%25252F%25252Fpixel.rubiconproject.com%25252Ftap.php%25253Fv%25253D4894%252526nid%25253D1986%252526put%25253D%2524UID%252526expires%25253D30=,Complete,302,http,GET,text/html; charset=utf-8,,,,13 Nov 2014 13:42:41,13 Nov 2014 13:42:41,13 Nov 2014 13:42:41,13 Nov 2014 13:42:41,45,0,1,43,,,629,,688,,,
http://cdn.turn.com/server/ddc.htm?uid=6968199289856398512&rnd=4413207378697273847&fpid=21&nu=n&t=&sp=y&purl=&ctid=3&cyid=20,Complete,200,http,GET,text/html;charset=UTF-8,,,,13 Nov 2014 13:42:41,13 Nov 2014 13:42:41,13 Nov 2014 13:42:41,13 Nov 2014 13:42:41,34,0,2,31,190.602,2815.9177,869,,386,5381,,73.4%
http://pixel.rubiconproject.com/tap.php?v=4894&nid=1986&put=4147089872951652268&expires=30,Complete,200,http,GET,image/gif,,,,13 Nov 2014 13:42:41,13 Nov 2014 13:42:41,13 Nov 2014 13:42:41,13 Nov 2014 13:42:41,96,0,1,57,15.1570635,639.64844,835,,606,49,,
http://dsum.casalemedia.com/rum?cm_dsp_id=57&external_user_id=638174141741555785,Complete,200,http,GET,image/gif,,,,13 Nov 2014 13:42:41,13 Nov 2014 13:42:41,13 Nov 2014 13:42:41,13 Nov 2014 13:42:41,127,0,1,42,11.372724,762.69525,698,,738,43,,
https://cm.g.doubleclick.net/pixel?google_nid=everest&google_cm=&google_sc=&ev_rs=1&url=%2F1%2Fgr%253furl%3Dhttp%25253A%25252F%25252Fdsum.casalemedia.com%25252Frum%25253Fcm_dsp_id%25253D71%252526external_user_id%25253D__EFGCK__,Complete,302,https,GET,text/html; charset=UTF-8,,,,13 Nov 2014 13:42:41,13 Nov 2014 13:42:41,13 Nov 2014 13:42:41,13 Nov 2014 13:42:41,171,0,0,49,,,0,,-1,,,
http://cas.pxl.ace.advertising.com/cfcm.ashx?providerId=1013&extMatch=1&rcode=1,Complete,302,http,GET,,,,,13 Nov 2014 13:42:41,13 Nov 2014 13:42:41,13 Nov 2014 13:42:41,13 Nov 2014 13:42:41,330,0,1,131,,,511,,504,,,
http://idpix.media6degrees.com/orbserv/hbpix?pixId=9867,Complete,302,http,GET,,,,,13 Nov 2014 13:42:41,13 Nov 2014 13:42:41,13 Nov 2014 13:42:41,13 Nov 2014 13:42:41,215,0,0,106,,,487,,485,,,
http://csm2waycm-atl.netmng.com/cm,Complete,301,http,GET,text/html; charset=iso-8859-1,,,,13 Nov 2014 13:42:41,13 Nov 2014 13:42:41,13 Nov 2014 13:42:41,13 Nov 2014 13:42:41,290,0,0,147,,,466,,226,,,
http://pixel.rubiconproject.com/tap.php?v=4222&nid=1512&put=16e55464-a73f-4c00-9fb3-95815adbef18,Complete,200,http,GET,image/gif,,,,13 Nov 2014 13:42:41,13 Nov 2014 13:42:41,13 Nov 2014 13:42:41,13 Nov 2014 13:42:41,46,0,1,44,35.389774,695.31244,955,,663,49,,
http://map.media6degrees.com/orbserv/hbpix?pixId=4857&cckz=true,Complete,302,http,GET,,,,,13 Nov 2014 13:42:41,13 Nov 2014 13:42:41,13 Nov 2014 13:42:41,13 Nov 2014 13:42:41,214,0,1,109,,,505,,1197,,,
http://casale-match.dotomi.com/dmm/casale/match?cm_dsp_id=65&cm_callback_url=http%253A%252F%252Fdsum.casalemedia.com%252Frum&cm_user_id=VGSnP8AoJ2oAACnsHYIAAAEK,Complete,302,http,GET,,,,,13 Nov 2014 13:42:41,13 Nov 2014 13:42:41,13 Nov 2014 13:42:41,13 Nov 2014 13:42:41,378,0,0,118,,,584,,323,,,
http://ums.adtech.de/mapuser?providerid=1010%3Buserid%3DVGSnP8AoJ2oAACnsHYIAAAEK%2526297,Complete,200,http,GET,image/gif,,,,13 Nov 2014 13:42:41,13 Nov 2014 13:42:41,13 Nov 2014 13:42:41,13 Nov 2014 13:42:41,55,0,0,52,13.9382105,Infinity,561,,181,43,,
http://image2.pubmatic.com/AdServer/Pug?vcode=bz0yJnR5cGU9MSZqcz0xJmNvZGU9ODImdGw9MTU3NjgwMCZkcF9pZD0yMg%3D%3D&piggybackCookie=pcv%3A1%7Cuid%3A6968199289856398512,Complete,200,http,GET,text/html; charset=utf-8,,,,13 Nov 2014 13:42:41,13 Nov 2014 13:42:41,13 Nov 2014 13:42:41,13 Nov 2014 13:42:41,69,0,0,34,,,590,,797,,,
http://ib.adnxs.com/getuid?http%3A%2F%2Fr.turn.com%2Fr%2Fbd%3Fddc=1&pid=54&cver=1&uid=%24UID,Complete,302,http,GET,text/html; charset=utf-8,,,,13 Nov 2014 13:42:41,13 Nov 2014 13:42:41,13 Nov 2014 13:42:41,13 Nov 2014 13:42:41,45,0,0,44,,,559,,664,,,
http://r.turn.com/r/bd?ddc=1&pid=54&cver=1&uid=4147089872951652268,Complete,200,http,GET,image/gif,,,,13 Nov 2014 13:42:41,13 Nov 2014 13:42:41,13 Nov 2014 13:42:41,13 Nov 2014 13:42:41,78,0,1,41,12.570112,456.05466,537,,424,43,,
https://pixel2368.everesttech.net/2368/m?cookieid=&ev_rs=1&url=%2F1%2Fgr%253Furl%3Dhttp%25253A%25252F%25252Fdsum.casalemedia.com%25252Frum%25253Fcm_dsp_id%25253D71%252526external_user_id%25253D__EFGCK__&google_gid=CAESEDp48PI-CGrTQte0JEFfb6Q&google_cver=1,Complete,302,https,GET,text/html; charset=iso-8859-1,,,,13 Nov 2014 13:42:41,13 Nov 2014 13:42:41,13 Nov 2014 13:42:41,13 Nov 2014 13:42:41,542,0,0,40,,,758,,918,,,
http://ib.adnxs.com/setuid?entity=43&code=6968199289856398512,Complete,200,http,GET,image/gif,,,,13 Nov 2014 13:42:41,13 Nov 2014 13:42:41,13 Nov 2014 13:42:41,13 Nov 2014 13:42:41,45,0,0,43,25.043402,Infinity,542,,569,43,,
http://cm.g.doubleclick.net/pixel?google_nid=turn1&google_cm=&google_sc=&google_hm=Njk2ODE5OTI4OTg1NjM5ODUxMg%3D%3D,Complete,200,http,GET,image/png,,,,13 Nov 2014 13:42:41,13 Nov 2014 13:42:41,13 Nov 2014 13:42:41,13 Nov 2014 13:42:41,48,0,0,46,25.716146,Infinity,627,,467,170,,
http://relestar.com/cc?p=ri,Complete,302,http,GET,text/html,,,,13 Nov 2014 13:42:41,13 Nov 2014 13:42:41,13 Nov 2014 13:42:41,13 Nov 2014 13:42:41,174,0,0,173,,,485,,252,,,
http://ads.yahoo.com/pixel?id=2155814&t=2&piggyback=http%253A%252F%252Fads.yahoo.com%252Fcms%252Fv1%253Fesig%253D1%7E862d802dd86fb59368388ad078a7f298ddbbd0b7%2526nwid%253D10000424978%2526sigv%253D1,Complete,302,http,GET,,,,,13 Nov 2014 13:42:41,13 Nov 2014 13:42:41,13 Nov 2014 13:42:41,13 Nov 2014 13:42:41,305,0,0,146,,,611,,760,,,N/A
http://pixel.rubiconproject.com/tap.php?v=4212&nid=1185&put=6968199289856398512&expires=60,Complete,200,http,GET,image/gif,,,,13 Nov 2014 13:42:41,13 Nov 2014 13:42:41,13 Nov 2014 13:42:41,13 Nov 2014 13:42:41,42,0,0,41,41.596912,Infinity,1054,,686,49,,
http://us-u.openx.net/w/1.0/sd?id=537073061&val=6968199289856398512,Complete,302,http,GET,,,,,13 Nov 2014 13:42:41,13 Nov 2014 13:42:41,13 Nov 2014 13:42:41,13 Nov 2014 13:42:41,91,0,0,49,,,505,,408,,,
http://idpix.media6degrees.com/orbserv/hbpix?pixId=9867&cckz=true,Complete,302,http,GET,,,,,13 Nov 2014 13:42:41,13 Nov 2014 13:42:41,13 Nov 2014 13:42:41,13 Nov 2014 13:42:41,237,0,1,122,,,519,,1185,,,
http://ad.afy11.net/ad?mode=7&publisher_dsp_id=2&external_user_id=6968199289856398512,Complete,200,http,GET,image/gif,,,,13 Nov 2014 13:42:41,13 Nov 2014 13:42:41,13 Nov 2014 13:42:41,13 Nov 2014 13:42:41,260,0,0,131,4.5860877,Infinity,523,,653,45,,
http://pixel.rubiconproject.com/tap.php?v=4940&nid=1994&put=xvh7f993gaop&expires=30,Complete,200,http,GET,image/gif,,,,13 Nov 2014 13:42:41,13 Nov 2014 13:42:41,13 Nov 2014 13:42:41,13 Nov 2014 13:42:41,72,0,1,71,25.32281,749.99994,1099,,719,49,,
http://cas.pxl.ace.advertising.com/cfcm.ashx?providerId=1013&extMatch=1&rcode=1&ctst=1,Complete,302,http,GET,,,,,13 Nov 2014 13:42:41,13 Nov 2014 13:42:41,13 Nov 2014 13:42:41,13 Nov 2014 13:42:41,131,0,1,130,,,553,,531,,,
http://us-u.openx.net/w/1.0/sd?cc=1&id=537073061&val=6968199289856398512,Complete,200,http,GET,image/gif,,,,13 Nov 2014 13:42:41,13 Nov 2014 13:42:41,13 Nov 2014 13:42:41,13 Nov 2014 13:42:41,77,0,0,40,11.312906,Infinity,569,,280,43,,
http://csm2waycm-atl.netmng.com/cm/,Complete,200,http,GET,image/gif,,,,13 Nov 2014 13:42:41,13 Nov 2014 13:42:41,13 Nov 2014 13:42:41,13 Nov 2014 13:42:41,146,0,1,144,5.0366545,279.29688,467,,243,43,,
http://bh.contextweb.com/bh/rtset?do=add&pid=535461&ev=6968199289856398512,Complete,200,http,GET,image/gif;charset=ISO-8859-1,,,,13 Nov 2014 13:42:41,13 Nov 2014 13:42:41,13 Nov 2014 13:42:41,13 Nov 2014 13:42:41,114,0,1,40,11.967174,864.25775,512,,825,60,,
http://pixel.rubiconproject.com/tap.php?v=9867&nid=2323&expires=30&put=459231660538593280,Complete,200,http,GET,image/gif,,,,13 Nov 2014 13:42:41,13 Nov 2014 13:42:41,13 Nov 2014 13:42:41,13 Nov 2014 13:42:41,44,0,0,42,43.9897,Infinity,1168,,765,49,,
http://ce.lijit.com/merge?pid=1&3pid=6968199289856398512,Complete,200,http,GET,image/gif,,,,13 Nov 2014 13:42:41,13 Nov 2014 13:42:41,13 Nov 2014 13:42:41,13 Nov 2014 13:42:41,276,0,1,120,3.877944,587.8906,494,,559,43,,
http://ad.360yield.com/match?publisher_dsp_id=4&external_user_id=6968199289856398512,Complete,302,http,GET,text/html; charset=UTF-8,,,,13 Nov 2014 13:42:41,13 Nov 2014 13:42:41,13 Nov 2014 13:42:41,13 Nov 2014 13:42:41,133,0,0,48,,,522,,525,,,
http://r.casalemedia.com/rum?cm_dsp_id=62&external_user_id=oS620014158825600025,Complete,200,http,GET,image/gif,,,,13 Nov 2014 13:42:41,13 Nov 2014 13:42:41,13 Nov 2014 13:42:41,13 Nov 2014 13:42:41,57,0,1,56,28.131853,878.9062,742,,857,43,,
http://dtm.gap.com/dmm/casale/match?fpc=2366&pnid=19998&trid=576602574029278725&fpctok=1&cm_callback_url=http%253A%252F%252Fdsum.casalemedia.com%252Frum&cm_user_id=VGSnP8AoJ2oAACnsHYIAAAEK&cm_dsp_id=65,Complete,302,http,GET,,,,,13 Nov 2014 13:42:41,13 Nov 2014 13:42:41,13 Nov 2014 13:42:41,13 Nov 2014 13:42:41,148,0,0,44,,,625,,232,,,
http://sync.search.spotxchange.com/partner?adv_id=6481&img=1&uid=6968199289856398512,Complete,302,http,GET,text/html,,,,13 Nov 2014 13:42:41,13 Nov 2014 13:42:42,13 Nov 2014 13:42:42,13 Nov 2014 13:42:42,473,0,0,224,,,522,,908,,,
http://sync.adap.tv/sync?type=gif&key=turn&uid=6968199289856398512,Complete,200,http,GET,image/gif,,,,13 Nov 2014 13:42:41,13 Nov 2014 13:42:41,13 Nov 2014 13:42:42,13 Nov 2014 13:42:42,328,0,0,112,2.4801114,Infinity,504,,287,42,,
http://r.casalemedia.com/rum?cm_dsp_id=27&external_user_id=l93tztcsgnsv,Complete,200,http,GET,image/gif,,,,13 Nov 2014 13:42:41,13 Nov 2014 13:42:41,13 Nov 2014 13:42:41,13 Nov 2014 13:42:41,78,0,1,61,19.744091,823.2421,734,,800,43,,
http://dsum.casalemedia.com/rum?cm_dsp_id=4&external_user_id=6968199289856398512,Complete,200,http,GET,image/gif,,,,13 Nov 2014 13:42:41,13 Nov 2014 13:42:41,13 Nov 2014 13:42:41,13 Nov 2014 13:42:41,41,0,1,39,37.84775,800.7812,769,,777,43,,
http://ads.yahoo.com/cms/v1?esig=1%7E862d802dd86fb59368388ad078a7f298ddbbd0b7&nwid=10000424978&sigv=1,Complete,302,http,GET,text/plain; charset=utf-8,,,,13 Nov 2014 13:42:41,13 Nov 2014 13:42:41,13 Nov 2014 13:42:41,13 Nov 2014 13:42:41,132,0,0,131,,,571,,491,,,
http://ih.adscale.de/adscale-ih/tpui?tpid=30&tpuid=6968199289856398512,Complete,302,http,GET,,,,,13 Nov 2014 13:42:41,13 Nov 2014 13:42:41,13 Nov 2014 13:42:41,13 Nov 2014 13:42:41,170,0,0,68,,,508,,590,,,
http://ad.360yield.com/ul_cb/match?publisher_dsp_id=4&external_user_id=6968199289856398512,Complete,200,http,GET,image/gif,,,,13 Nov 2014 13:42:41,13 Nov 2014 13:42:41,13 Nov 2014 13:42:41,13 Nov 2014 13:42:41,51,0,1,49,23.399204,626.9531,580,,599,43,,
https://www.facebook.com/fr/u.php?p=328546547221502&m=6968199289856398512&t=2592000,Complete,200,https,GET,image/gif,,,,13 Nov 2014 13:42:41,13 Nov 2014 13:42:41,13 Nov 2014 13:42:42,13 Nov 2014 13:42:42,276,0,1,136,-0.00707654,-1.9531249,0,,-1,-1,,101.7%
http://www.facebook.com/fr/u.php?p=328546547221502&m=6968199289856398512&t=2592000,Complete,-1,http,GET,,,,,13 Nov 2014 13:42:41,13 Nov 2014 13:42:41,13 Nov 2014 13:42:41,13 Nov 2014 13:42:41,0,0,0,0,,,0,,-1,,,
http://rtb-csync.smartadserver.com/redir/?partnerid=32&partneruserid=6968199289856398512,Complete,200,http,GET,image/gif,,,,13 Nov 2014 13:42:41,13 Nov 2014 13:42:41,13 Nov 2014 13:42:41,13 Nov 2014 13:42:41,139,0,0,39,7.8616796,Infinity,526,,550,43,,
http://ads.stickyadstv.com/user-registering?dataProviderId=147&userId=6968199289856398512,Complete,200,http,GET,,,,,13 Nov 2014 13:42:41,13 Nov 2014 13:42:41,13 Nov 2014 13:42:41,13 Nov 2014 13:42:41,118,0,0,35,,,527,,520,,,
http://dsum.casalemedia.com/rum?cm_dsp_id=65&expiration=1415968960,Complete,200,http,GET,image/gif,,,,13 Nov 2014 13:42:41,13 Nov 2014 13:42:41,13 Nov 2014 13:42:41,13 Nov 2014 13:42:41,40,0,1,38,40.185547,834.9609,791,,812,43,,
http://r.turn.com/r/cms/id/0/ddc/1/pid/43/uid/?xid=8A3AmIzi.ODb.75KpVFWOwLy,Complete,200,http,GET,image/gif,,,,13 Nov 2014 13:42:41,13 Nov 2014 13:42:41,13 Nov 2014 13:42:41,13 Nov 2014 13:42:41,42,0,0,41,23.553759,Infinity,546,,424,43,,
http://ums.adtech.de/mapuser?providerid=1006%3Buserid%3D6968199289856398512,Complete,200,http,GET,image/gif,,,,13 Nov 2014 13:42:41,13 Nov 2014 13:42:41,13 Nov 2014 13:42:41,13 Nov 2014 13:42:41,52,0,0,51,14.6484375,Infinity,556,,181,43,,
http://ad.sxp.smartclip.net/sync?type=red&dsp=28,Complete,302,http,GET,,,,,13 Nov 2014 13:42:41,13 Nov 2014 13:42:42,13 Nov 2014 13:42:42,13 Nov 2014 13:42:42,136,0,0,52,,,486,,562,,,
http://e.nexac.com/e/turn_sync.xgi?na_exid=6968199289856398512,Complete,302,http,GET,text/html,,,,13 Nov 2014 13:42:41,13 Nov 2014 13:42:42,13 Nov 2014 13:42:42,13 Nov 2014 13:42:42,266,0,0,116,,,500,,570,,,
http://ih.adscale.de/adscale-ih/tpui?tpid=30&tpuid=6968199289856398512&nut=&uu=428531415882560549,Complete,200,http,GET,image/gif,,,,13 Nov 2014 13:42:41,13 Nov 2014 13:42:41,13 Nov 2014 13:42:42,13 Nov 2014 13:42:42,101,0,0,99,11.032255,Infinity,616,,476,49,,
http://dsum.casalemedia.com/rum?cm_dsp_id=71&external_user_id=CAESEDp48PI-CGrTQte0JEFfb6Q,Complete,200,http,GET,image/gif,,,,13 Nov 2014 13:42:41,13 Nov 2014 13:42:41,13 Nov 2014 13:42:42,13 Nov 2014 13:42:42,43,0,1,41,38.78997,861.32806,826,,839,43,,
http://sync.adap.tv/turn_user_sync,Complete,302,http,GET,text/plain,,,,13 Nov 2014 13:42:41,13 Nov 2014 13:42:42,13 Nov 2014 13:42:42,13 Nov 2014 13:42:42,222,0,0,110,,,472,,351,,,
http://ums.adtech.de/mapuser?providerid=1006%3Buserid%3D3508590351105725616,Complete,200,http,GET,image/gif,,,,13 Nov 2014 13:42:41,13 Nov 2014 13:42:41,13 Nov 2014 13:42:42,13 Nov 2014 13:42:42,53,0,0,52,14.372052,Infinity,556,,181,43,,
http://a.rfihub.com/cm?cm_dsp_id=57&cm_callback_url=http%253A%252F%252Fdsum.casalemedia.com%252Frum&cm_user_id=VGSnP8AoJ2YAAGWFH4YAAAGZ,Complete,302,http,GET,,,,,13 Nov 2014 13:42:42,13 Nov 2014 13:42:42,13 Nov 2014 13:42:42,13 Nov 2014 13:42:42,40,0,0,38,,,880,,973,,,
http://www.wtp101.com/pull_sync/casale?cm_dsp_id=2&cm_callback_url=http%253A%252F%252Fdsum.casalemedia.com%252Frum&cm_user_id=VGSnP8AoJ2YAAGWFH4YAAAGZ,Complete,302,http,GET,text/html; charset=UTF-8,,,,13 Nov 2014 13:42:42,13 Nov 2014 13:42:42,13 Nov 2014 13:42:42,13 Nov 2014 13:42:42,439,0,0,50,,,574,,706,,,
http://dsum.casalemedia.com/rum?cm_dsp_id=57&external_user_id=638174141741555785,Complete,200,http,GET,image/gif,,,,13 Nov 2014 13:42:42,13 Nov 2014 13:42:42,13 Nov 2014 13:42:42,13 Nov 2014 13:42:42,40,0,0,39,42.13867,Infinity,844,,839,43,,
http://ib.adnxs.com/getuid?http%3A%2F%2Fdsum.casalemedia.com%2Frum%3Fcm_dsp_id=46&external_user_id=%24UID,Complete,302,http,GET,text/html; charset=utf-8,,,,13 Nov 2014 13:42:42,13 Nov 2014 13:42:42,13 Nov 2014 13:42:42,13 Nov 2014 13:42:42,49,0,1,47,,,568,,679,,,
http://dis.criteo.com/dis/usersync.aspx?r=10&p=7&cp=casaleP&cu=1&url=http%253A%252F%252Fdsum.casalemedia.com%252Frum%253Fcm_dsp_id%253D20%2526external_user_id%253D%2540%2540CRITEO_USERID%2540%2540,Complete,302,http,GET,text/html; charset=utf-8,,,,13 Nov 2014 13:42:42,13 Nov 2014 13:42:42,13 Nov 2014 13:42:42,13 Nov 2014 13:42:42,74,0,0,39,,,604,,486,,,
http://ums.adtech.de/mapuser?providerid=1010%3Buserid%3DVGSnP8AoJ2YAAGWFH4YAAAGZ%2526293,Complete,200,http,GET,image/gif,,,,13 Nov 2014 13:42:42,13 Nov 2014 13:42:42,13 Nov 2014 13:42:42,13 Nov 2014 13:42:42,54,0,0,52,14.196325,Infinity,561,,181,43,,
http://dsum.casalemedia.com/rum?cm_dsp_id=46&external_user_id=4147089872951652268,Complete,200,http,GET,image/gif,,,,13 Nov 2014 13:42:42,13 Nov 2014 13:42:42,13 Nov 2014 13:42:42,13 Nov 2014 13:42:42,41,0,1,39,41.58727,879.88275,845,,858,43,,
http://r.turn.com/r/bd?ddc=1&pid=65&uid=1ec2ff80-7a1e-43dc-bd59-3c9383e1f5f7,Complete,200,http,GET,image/gif,,,,13 Nov 2014 13:42:42,13 Nov 2014 13:42:42,13 Nov 2014 13:42:42,13 Nov 2014 13:42:42,41,0,0,40,24.152058,Infinity,547,,424,43,,
http://dsum.casalemedia.com/rum?cm_dsp_id=20&external_user_id=9eb9e270-2642-463b-87f3-8eb59f29561d,Complete,200,http,GET,image/gif,,,,13 Nov 2014 13:42:42,13 Nov 2014 13:42:42,13 Nov 2014 13:42:42,13 Nov 2014 13:42:42,48,0,1,46,36.987305,915.039,881,,894,43,,
http://d.turn.com/r/du/id/L2NzaWQvMS9tcGlkLzMzOTA0ODEz/mpuid/EUX5123225868988929268,Complete,200,http,GET,image/gif,,,,13 Nov 2014 13:42:42,13 Nov 2014 13:42:42,13 Nov 2014 13:42:42,13 Nov 2014 13:42:42,153,0,1,41,6.5167994,456.05466,554,,424,43,,
http://cdn.spotxchange.com/media/thumbs/pixel/pixel.gif,Complete,200,http,GET,image/gif,,,,13 Nov 2014 13:42:42,13 Nov 2014 13:42:42,13 Nov 2014 13:42:42,13 Nov 2014 13:42:42,129,0,1,30,8.08503,301.7578,759,,266,43,,
https://e.nexac.com/e/xrefid.xgi?na_exid=6968199289856398512&na_pid=1966&ru=,Complete,200,https,GET,image/gif,,,,13 Nov 2014 13:42:42,13 Nov 2014 13:42:42,13 Nov 2014 13:42:42,13 Nov 2014 13:42:42,489,0,0,115,2.152831,Infinity,530,,505,43,,
http://www.wtp101.com/ul_cb/pull_sync/casale?cm_dsp_id=2&cm_callback_url=http%253A%252F%252Fdsum.casalemedia.com%252Frum&cm_user_id=VGSnP8AoJ2YAAGWFH4YAAAGZ,Complete,302,http,GET,text/html; charset=UTF-8,,,,13 Nov 2014 13:42:42,13 Nov 2014 13:42:42,13 Nov 2014 13:42:42,13 Nov 2014 13:42:42,75,0,0,73,,,656,,517,,,
http://dsum.casalemedia.com/rum?cm_dsp_id=2&external_user_id=0,Complete,200,http,GET,image/gif,,,,13 Nov 2014 13:42:42,13 Nov 2014 13:42:42,13 Nov 2014 13:42:42,13 Nov 2014 13:42:42,45,0,1,43,41.62326,1012.69525,881,,994,43,,
http://tctechcrunch2011.files.wordpress.com/2014/11/scopely.jpg?w=208&h=156&crop=1,Complete,200,http,GET,image/jpeg,,,,13 Nov 2014 13:42:42,13 Nov 2014 13:42:42,13 Nov 2014 13:42:42,13 Nov 2014 13:42:42,96,0,46,46,161.94661,329.10156,418,,311,15191,,
http://tctechcrunch2011.files.wordpress.com/2014/11/dry_eye.jpeg?w=208&h=156&crop=1,Complete,200,http,GET,image/jpeg,,,,13 Nov 2014 13:42:42,13 Nov 2014 13:42:42,13 Nov 2014 13:42:42,13 Nov 2014 13:42:42,114,0,58,53,294.47644,571.7437,419,,311,33646,,
http://tctechcrunch2011.files.wordpress.com/2014/11/onlinelabs-c1-business-card.jpg?w=208&h=156&crop=1,Complete,200,http,GET,image/jpeg,,,,13 Nov 2014 13:42:42,13 Nov 2014 13:42:42,13 Nov 2014 13:42:42,13 Nov 2014 13:42:42,128,0,63,62,285.8963,574.0792,438,,310,36725,,
http://tctechcrunch2011.files.wordpress.com/2014/11/screen-shot-2014-11-13-at-11-43-19.png?w=208&h=156&crop=1,Complete,200,http,GET,image/png,,,,13 Nov 2014 13:42:42,13 Nov 2014 13:42:42,13 Nov 2014 13:42:42,13 Nov 2014 13:42:42,253,0,183,68,229.85503,315.403,445,,309,58795,,
http://pthumbnails.5min.com/10369992/518499599_c_300_170.jpg,Complete,200,http,GET,image/jpeg,,,,13 Nov 2014 13:42:42,13 Nov 2014 13:42:42,13 Nov 2014 13:42:42,13 Nov 2014 13:42:42,175,0,9,32,97.97991,1862.1963,396,,362,16800,,
http://pthumbnails.5min.com/10369807/518490330_c_300_170.jpg,Complete,200,http,GET,image/jpeg,,,,13 Nov 2014 13:42:42,13 Nov 2014 13:42:42,13 Nov 2014 13:42:42,13 Nov 2014 13:42:42,185,0,11,41,107.89168,1779.3856,396,,366,19677,,
http://pthumbnails.5min.com/10370149/518507427_c_300_170.jpg,Complete,200,http,GET,image/jpeg,,,,13 Nov 2014 13:42:42,13 Nov 2014 13:42:42,13 Nov 2014 13:42:42,13 Nov 2014 13:42:42,218,0,33,53,139.92169,912.6125,396,,366,30473,,
http://cdn.at.atwola.com/_media/uac/guid.html,Complete,200,http,GET,text/html,,,,13 Nov 2014 13:42:42,13 Nov 2014 13:42:42,13 Nov 2014 13:42:42,13 Nov 2014 13:42:42,197,0,0,65,6.756623,Infinity,535,,390,438,,33.1%
http://cdn.at.atwola.com/_media/uac/tcode3.html,Complete,200,http,GET,text/html,,,,13 Nov 2014 13:42:42,13 Nov 2014 13:42:42,13 Nov 2014 13:42:42,13 Nov 2014 13:42:42,196,0,0,66,11.673908,Infinity,537,,412,1394,,42.3%
https://graph.facebook.com/,Complete,200,https,POST,application/json; charset=UTF-8,,,,13 Nov 2014 13:42:42,13 Nov 2014 13:42:42,13 Nov 2014 13:42:43,13 Nov 2014 13:42:43,393,0,0,239,9.730836,-Infinity,0,3918,-1,-1,,100.0%
http://an.tacoda.net/an/g10000/slf.js,Complete,200,http,GET,application/x-javascript,,,,13 Nov 2014 13:42:42,13 Nov 2014 13:42:43,13 Nov 2014 13:42:43,13 Nov 2014 13:42:43,177,0,1,51,29.401703,4832.0312,381,,1037,3911,,55.6%
http://dtm.advertising.com/916f392e-1af6-43dd-bc12-239421d8b718.js,Complete,200,http,GET,application/javascript; charset=utf-8,,,,13 Nov 2014 13:42:42,13 Nov 2014 13:42:43,13 Nov 2014 13:42:43,13 Nov 2014 13:42:43,181,0,0,57,9.609159,Infinity,472,,380,929,,36.1%
http://cdn.at.atwola.com/_media/uac/tcodeqt.html,Complete,200,http,GET,text/html,,,,13 Nov 2014 13:42:42,13 Nov 2014 13:42:42,13 Nov 2014 13:42:43,13 Nov 2014 13:42:43,45,0,1,43,62.521698,2263.6719,563,,428,1890,,56.9%
http://an.tacoda.net/an/18288/slf.js,Complete,200,http,GET,application/x-javascript,,,,13 Nov 2014 13:42:43,13 Nov 2014 13:42:43,13 Nov 2014 13:42:43,13 Nov 2014 13:42:43,237,0,2,234,28.361517,3175.2927,380,,614,5889,,67.4%
http://tacoda.at.atwola.com/rtx/r.js?cmd=ADN&si=18288&pi=L&xs=3&pu=http%25253A%2F%2Fcdn.at.atwola.com%2F_media%2Fuac%2Ftcode3.html%25253Fifu%25253Dhttp%2525253A%2F%2Ftechcrunch.com%2F%252526cmmiss%25253D-1%252526cmkw%25253D&r=&df=1&atsync=1&bf=1&acf=1&btf=1&adf=1&v=6.4.6&cb=87835,Complete,200,http,GET,application/javascript,,,,13 Nov 2014 13:42:43,13 Nov 2014 13:42:43,13 Nov 2014 13:42:43,13 Nov 2014 13:42:43,273,0,1,129,7.0219493,1241.2109,692,,1153,118,,3.3%
http://leadback.advertising.com/adcedge/lb?site=695501&betr=tc%3D0%7Cbk%3D0&guidm=1%3ATR8f21a0d7-6b32-11e4-a97a-00163ef1ad8b&bnum=2592,Complete,200,http,GET,image/gif,,,,13 Nov 2014 13:42:43,13 Nov 2014 13:42:43,13 Nov 2014 13:42:43,13 Nov 2014 13:42:43,313,0,0,123,3.4008088,Infinity,549,,492,49,,
http://ar.atwola.com/atd,Complete,302,http,GET,text/plain,,,,13 Nov 2014 13:42:43,13 Nov 2014 13:42:43,13 Nov 2014 13:42:43,13 Nov 2014 13:42:43,323,0,0,125,,,458,,705,,,
http://r.nexac.com/e/getdata.xgi?dt=br&pkey=jtkr94hrnfw22&ru=http%3A%2F%2Far.atwola.com%2Fatd%3Fit%3D7%2526iv%3D%253cna_di%253e%2526at%3D8%2526av%3D%253cna_di2%253e%2526ds%3D7%2526ed%3D%253cna_da%253e%2526rand%3D620566,Complete,302,http,GET,,,,,13 Nov 2014 13:42:43,13 Nov 2014 13:42:44,13 Nov 2014 13:42:44,13 Nov 2014 13:42:44,437,0,0,191,,,548,,216,,,
http://ar.atwola.com/atd?it=7&iv=&at=8&av=&ds=7&ed=&rand=620566,Complete,204,http,GET,text/plain,,,,13 Nov 2014 13:42:44,13 Nov 2014 13:42:44,13 Nov 2014 13:42:44,13 Nov 2014 13:42:44,126,0,0,125,7.3087177,Infinity,553,,390,0,,
